route	source_file	ko_file	type	translation	metadata	schema	links	desktop	mobile	language_review	notes
https://www.weglobalmarketing.com/	index.html	ko/index.html	core	complete	pass	pass	pass	pass	pass	pass	verified locally at desktop and 390px mobile; not deployed
https://www.weglobalmarketing.com/privacy	privacy.html	ko/privacy.html	core	complete	pass	pass	pass	pass	pass	pass	verified locally at desktop and 390px mobile; not deployed
https://www.weglobalmarketing.com/showcase	showcase.html	ko/showcase.html	core	complete	pass	pass	pass	pass	pass	pass	verified locally at desktop and 390px mobile; not deployed
https://www.weglobalmarketing.com/about	about.html	ko/about.html	core	complete	pass	pass	pass	pass	pass	pass	verified locally at desktop and 390px mobile; not deployed
https://www.weglobalmarketing.com/affiliate	affiliate.html	ko/affiliate.html	core	complete	pass	pass	pass	pass	pass	pass	verified locally at desktop and 390px mobile; not deployed
https://www.weglobalmarketing.com/services	services.html	ko/services.html	core	complete	pass	pass	pass	pass	pass	pass	verified locally at desktop and 390px mobile; not deployed
https://www.weglobalmarketing.com/consulting	consulting.html	ko/consulting.html	core	complete	pass	pass	pass	pass	pass	pass	verified locally at desktop and 390px mobile; not deployed
https://www.weglobalmarketing.com/blog	blog.html	ko/blog.html	core	complete	pass	pass	pass	pass	pass	pass	verified locally at desktop and 390px mobile; Korean article cards populate only after route review; not deployed
https://www.weglobalmarketing.com/blog/tiktok-shop-voice-of-customer-content-system	blog/tiktok-shop-voice-of-customer-content-system.html	ko/blog/tiktok-shop-voice-of-customer-content-system.html	blog	complete	pass	pass	pass	pass	pass	pass	verified locally at desktop and 390px mobile; not deployed
https://www.weglobalmarketing.com/blog/tiktok-shop-returns-margin-trust	blog/tiktok-shop-returns-margin-trust.html	ko/blog/tiktok-shop-returns-margin-trust.html	blog	complete	pass	pass	pass	pass	pass	pass	verified locally at desktop and 390px mobile; not deployed
https://www.weglobalmarketing.com/blog/tiktok-shop-performance-score-growth-ceiling	blog/tiktok-shop-performance-score-growth-ceiling.html	ko/blog/tiktok-shop-performance-score-growth-ceiling.html	blog	complete	pass	pass	pass	pass	pass	pass	verified locally at desktop and 390px mobile; not deployed
https://www.weglobalmarketing.com/blog/tiktok-shop-storefront-merchandising	blog/tiktok-shop-storefront-merchandising.html	ko/blog/tiktok-shop-storefront-merchandising.html	blog	complete	pass	pass	pass	pass	pass	pass	verified locally at desktop and 390px mobile; not deployed
https://www.weglobalmarketing.com/blog/tiktok-shop-sample-decision-system	blog/tiktok-shop-sample-decision-system.html	ko/blog/tiktok-shop-sample-decision-system.html	blog	complete	pass	pass	pass	pass	pass	pass	verified locally at desktop and 390px mobile; not deployed
https://www.weglobalmarketing.com/blog/tiktok-shop-creator-collaboration-model	blog/tiktok-shop-creator-collaboration-model.html	ko/blog/tiktok-shop-creator-collaboration-model.html	blog	complete	pass	pass	pass	pass	pass	pass	verified locally at desktop and 390px mobile; not deployed
https://www.weglobalmarketing.com/blog/tiktok-shop-gmv-max-readiness	blog/tiktok-shop-gmv-max-readiness.html	ko/blog/tiktok-shop-gmv-max-readiness.html	blog	complete	pass	pass	pass	pass	pass	pass	verified locally at desktop and 390px mobile; not deployed
https://www.weglobalmarketing.com/blog/tiktok-shop-discount-architecture	blog/tiktok-shop-discount-architecture.html	ko/blog/tiktok-shop-discount-architecture.html	blog	complete	pass	pass	pass	pass	pass	pass	verified locally at desktop and 390px mobile; not deployed
https://www.weglobalmarketing.com/blog/tiktok-shop-preorder-mto-backorder	blog/tiktok-shop-preorder-mto-backorder.html	ko/blog/tiktok-shop-preorder-mto-backorder.html	blog	complete	pass	pass	pass	pass	pass	pass	verified locally at desktop and 390px mobile; not deployed
https://www.weglobalmarketing.com/blog/tiktok-shop-catalog-architecture	blog/tiktok-shop-catalog-architecture.html	ko/blog/tiktok-shop-catalog-architecture.html	blog	complete	pass	pass	pass	pass	pass	pass	verified locally at desktop and 390px mobile; not deployed
https://www.weglobalmarketing.com/blog/tiktok-shop-hero-sku-search-demand	blog/tiktok-shop-hero-sku-search-demand.html	ko/blog/tiktok-shop-hero-sku-search-demand.html	blog	complete	pass	pass	pass	pass	pass	pass	verified locally at desktop and 390px mobile; not deployed
https://www.weglobalmarketing.com/blog/tiktok-shop-health-wellness-cold-start	blog/tiktok-shop-health-wellness-cold-start.html	ko/blog/tiktok-shop-health-wellness-cold-start.html	blog	complete	pass	pass	pass	pass	pass	pass	verified locally at desktop and 390px mobile; not deployed
https://www.weglobalmarketing.com/blog/tiktok-shop-beauty-cold-start	blog/tiktok-shop-beauty-cold-start.html	ko/blog/tiktok-shop-beauty-cold-start.html	blog	complete	pass	pass	pass	pass	pass	pass	verified locally at desktop and 390px mobile; not deployed
https://www.weglobalmarketing.com/blog/tiktok-shop-fashion-cold-start	blog/tiktok-shop-fashion-cold-start.html	ko/blog/tiktok-shop-fashion-cold-start.html	blog	complete	pass	pass	pass	pass	pass	pass	verified locally at desktop and 390px mobile; not deployed
https://www.weglobalmarketing.com/blog/tiktok-shop-food-beverage-cold-start	blog/tiktok-shop-food-beverage-cold-start.html	ko/blog/tiktok-shop-food-beverage-cold-start.html	blog	complete	pass	pass	pass	pass	pass	pass	verified locally at desktop and 390px mobile; not deployed
https://www.weglobalmarketing.com/blog/tiktok-shop-live-auction-readiness	blog/tiktok-shop-live-auction-readiness.html	ko/blog/tiktok-shop-live-auction-readiness.html	blog	complete	pass	pass	pass	pass	pass	pass	verified locally at desktop and 390px mobile; not deployed
https://www.weglobalmarketing.com/blog/tiktok-shop-product-card-strategy	blog/tiktok-shop-product-card-strategy.html	ko/blog/tiktok-shop-product-card-strategy.html	blog	complete	pass	pass	pass	pass	pass	pass	verified locally at desktop and 390px mobile; not deployed
https://www.weglobalmarketing.com/blog/tiktok-shop-customer-retention-crm-playbook	blog/tiktok-shop-customer-retention-crm-playbook.html	ko/blog/tiktok-shop-customer-retention-crm-playbook.html	blog	complete	pass	pass	pass	pass	pass	pass	verified locally at desktop and 390px mobile; not deployed
https://www.weglobalmarketing.com/blog/best-tiktok-shop-affiliate-agencies-us	blog/best-tiktok-shop-affiliate-agencies-us.html	ko/blog/best-tiktok-shop-affiliate-agencies-us.html	blog	complete	pass	pass	pass	pass	pass	pass	verified locally at desktop and 390px mobile; not deployed
https://www.weglobalmarketing.com/blog/tiktok-shop-creator-matchmaking-playbook	blog/tiktok-shop-creator-matchmaking-playbook.html	ko/blog/tiktok-shop-creator-matchmaking-playbook.html	blog	complete	pass	pass	pass	pass	pass	pass	verified locally at desktop and 390px mobile; not deployed
https://www.weglobalmarketing.com/blog/tiktok-shop-affiliate-strategy-for-brands	blog/tiktok-shop-affiliate-strategy-for-brands.html	ko/blog/tiktok-shop-affiliate-strategy-for-brands.html	blog	complete	pass	pass	pass	pass	pass	pass	verified locally at desktop and 390px mobile; not deployed
https://www.weglobalmarketing.com/blog/tiktok-shop-follower-group-chat-retention	blog/tiktok-shop-follower-group-chat-retention.html	ko/blog/tiktok-shop-follower-group-chat-retention.html	blog	complete	pass	pass	pass	pass	pass	pass	verified locally at desktop and 390px mobile; not deployed
https://www.weglobalmarketing.com/blog/2026-us-tiktok-shop-campaign-calendar-after-dfyd	blog/2026-us-tiktok-shop-campaign-calendar-after-dfyd.html	ko/blog/2026-us-tiktok-shop-campaign-calendar-after-dfyd.html	blog	complete	pass	pass	pass	pass	pass	pass	verified locally at desktop and 390px mobile; not deployed
https://www.weglobalmarketing.com/blog/tiktok-shop-us-logistics-fulfillment-strategy	blog/tiktok-shop-us-logistics-fulfillment-strategy.html	ko/blog/tiktok-shop-us-logistics-fulfillment-strategy.html	blog	complete	pass	pass	pass	pass	pass	pass	verified locally at desktop and 390px mobile; not deployed
https://www.weglobalmarketing.com/blog/tiktok-shop-creator-community-brand-growth	blog/tiktok-shop-creator-community-brand-growth.html	ko/blog/tiktok-shop-creator-community-brand-growth.html	blog	complete	pass	pass	pass	pass	pass	pass	verified locally at desktop and 390px mobile; not deployed
https://www.weglobalmarketing.com/blog/tiktok-shop-live-strategy-brands	blog/tiktok-shop-live-strategy-brands.html	ko/blog/tiktok-shop-live-strategy-brands.html	blog	complete	pass	pass	pass	pass	pass	pass	verified locally at desktop and 390px mobile; not deployed
https://www.weglobalmarketing.com/blog/tiktok-shop-ip-protection-seller-playbook	blog/tiktok-shop-ip-protection-seller-playbook.html	ko/blog/tiktok-shop-ip-protection-seller-playbook.html	blog	complete	pass	pass	pass	pass	pass	pass	verified locally at desktop and 390px mobile; not deployed
https://www.weglobalmarketing.com/blog/tiktok-shop-us-mexico-expansion-opportunity	blog/tiktok-shop-us-mexico-expansion-opportunity.html	ko/blog/tiktok-shop-us-mexico-expansion-opportunity.html	blog	complete	pass	pass	pass	pass	pass	pass	verified locally at desktop and 390px mobile; not deployed
https://www.weglobalmarketing.com/blog/tiktok-shop-aigc-auto-post-strategy	blog/tiktok-shop-aigc-auto-post-strategy.html	ko/blog/tiktok-shop-aigc-auto-post-strategy.html	blog	complete	pass	pass	pass	pass	pass	pass	verified locally at desktop and 390px mobile; not deployed
https://www.weglobalmarketing.com/blog/tiktok-shop-us-new-seller-growth-strategy	blog/tiktok-shop-us-new-seller-growth-strategy.html	ko/blog/tiktok-shop-us-new-seller-growth-strategy.html	blog	complete	pass	pass	pass	pass	pass	pass	verified locally at desktop and 390px mobile; not deployed
https://www.weglobalmarketing.com/services/creator-content	services/creator-content.html	ko/services/creator-content.html	core	complete	pass	pass	pass	pass	pass	pass	verified locally at desktop and 390px mobile; not deployed
https://www.weglobalmarketing.com/services/cold-start	services/cold-start.html	ko/services/cold-start.html	core	complete	pass	pass	pass	pass	pass	pass	verified locally at desktop and 390px mobile; not deployed
https://www.weglobalmarketing.com/blog/tiktok-shop-us-deals-for-you-days	blog/tiktok-shop-us-deals-for-you-days.html	ko/blog/tiktok-shop-us-deals-for-you-days.html	blog	complete	pass	pass	pass	pass	pass	pass	verified locally at desktop and 390px mobile; not deployed
https://www.weglobalmarketing.com/blog/tiktok-shop-us-july-4-seasonal-products	blog/tiktok-shop-us-july-4-seasonal-products.html	ko/blog/tiktok-shop-us-july-4-seasonal-products.html	blog	complete	pass	pass	pass	pass	pass	pass	verified locally at desktop and 390px mobile; not deployed
https://www.weglobalmarketing.com/blog/tiktok-shop-us-trust-signals	blog/tiktok-shop-us-trust-signals.html	ko/blog/tiktok-shop-us-trust-signals.html	blog	complete	pass	pass	pass	pass	pass	pass	verified locally at desktop and 390px mobile; not deployed
https://www.weglobalmarketing.com/blog/tiktok-shop-affiliate-marketing-for-brands	blog/tiktok-shop-affiliate-marketing-for-brands.html	ko/blog/tiktok-shop-affiliate-marketing-for-brands.html	blog	complete	pass	pass	pass	pass	pass	pass	verified locally at desktop and 390px mobile; not deployed
https://www.weglobalmarketing.com/blog/cross-border-tiktok-shop-entry-models	blog/cross-border-tiktok-shop-entry-models.html	ko/blog/cross-border-tiktok-shop-entry-models.html	blog	complete	pass	pass	pass	pass	pass	pass	verified locally at desktop and 390px mobile; not deployed
https://www.weglobalmarketing.com/blog/tiktok-shop-feedback-loop-amazon-meta	blog/tiktok-shop-feedback-loop-amazon-meta.html	ko/blog/tiktok-shop-feedback-loop-amazon-meta.html	blog	complete	pass	pass	pass	pass	pass	pass	verified locally at desktop and 390px mobile; not deployed
https://www.weglobalmarketing.com/blog/tiktok-shop-managed-models-for-manufacturers	blog/tiktok-shop-managed-models-for-manufacturers.html	ko/blog/tiktok-shop-managed-models-for-manufacturers.html	blog	complete	pass	pass	pass	pass	pass	pass	verified locally at desktop and 390px mobile; not deployed
https://www.weglobalmarketing.com/blog/tiktok-shop-meta-amazon-dtc-playbook	blog/tiktok-shop-meta-amazon-dtc-playbook.html	ko/blog/tiktok-shop-meta-amazon-dtc-playbook.html	blog	complete	pass	pass	pass	pass	pass	pass	verified locally at desktop and 390px mobile; not deployed
https://www.weglobalmarketing.com/blog/tiktok-shop-us-brand-protection-playbook	blog/tiktok-shop-us-brand-protection-playbook.html	ko/blog/tiktok-shop-us-brand-protection-playbook.html	blog	complete	pass	pass	pass	pass	pass	pass	verified locally at desktop and 390px mobile; not deployed
https://www.weglobalmarketing.com/blog/us-pop-for-chinese-owned-sellers	blog/us-pop-for-chinese-owned-sellers.html	ko/blog/us-pop-for-chinese-owned-sellers.html	blog	complete	pass	pass	pass	pass	pass	pass	verified locally at desktop and 390px mobile; not deployed
https://www.weglobalmarketing.com/blog/best-tiktok-shop-agencies-us	blog/best-tiktok-shop-agencies-us.html	ko/blog/best-tiktok-shop-agencies-us.html	blog	complete	pass	pass	pass	pass	pass	pass	verified locally at desktop and 390px mobile; not deployed
https://www.weglobalmarketing.com/blog/how-to-find-creators-for-your-brand-tiktok-shop	blog/how-to-find-creators-for-your-brand-tiktok-shop.html	ko/blog/how-to-find-creators-for-your-brand-tiktok-shop.html	blog	complete	pass	pass	pass	pass	pass	pass	verified locally at desktop and 390px mobile; not deployed
https://www.weglobalmarketing.com/blog/is-tiktok-shop-worth-it-for-brands	blog/is-tiktok-shop-worth-it-for-brands.html	ko/blog/is-tiktok-shop-worth-it-for-brands.html	blog	complete	pass	pass	pass	pass	pass	pass	verified locally at desktop and 390px mobile; not deployed
https://www.weglobalmarketing.com/blog/los-angeles-tiktok-shop-agency-guide	blog/los-angeles-tiktok-shop-agency-guide.html	ko/blog/los-angeles-tiktok-shop-agency-guide.html	blog	complete	pass	pass	pass	pass	pass	pass	verified locally at desktop and 390px mobile; not deployed
https://www.weglobalmarketing.com/blog/tiktok-shop-affiliate-program-brand-guide	blog/tiktok-shop-affiliate-program-brand-guide.html	ko/blog/tiktok-shop-affiliate-program-brand-guide.html	blog	complete	pass	pass	pass	pass	pass	pass	verified locally at desktop and 390px mobile; not deployed
https://www.weglobalmarketing.com/blog/ugc-video-strategy-for-brands	blog/ugc-video-strategy-for-brands.html	ko/blog/ugc-video-strategy-for-brands.html	blog	complete	pass	pass	pass	pass	pass	pass	verified locally at desktop and 390px mobile; not deployed
https://www.weglobalmarketing.com/blog/where-to-find-ugc-video-creators	blog/where-to-find-ugc-video-creators.html	ko/blog/where-to-find-ugc-video-creators.html	blog	complete	pass	pass	pass	pass	pass	pass	verified locally at desktop and 390px mobile; not deployed
https://www.weglobalmarketing.com/blog/spanish-speaking-creators-tiktok-shop	blog/spanish-speaking-creators-tiktok-shop.html	ko/blog/spanish-speaking-creators-tiktok-shop.html	blog	complete	pass	pass	pass	pass	pass	pass	verified locally at desktop and 390px mobile; not deployed
https://www.weglobalmarketing.com/blog/how-retail-brands-use-tiktok-shop	blog/how-retail-brands-use-tiktok-shop.html	ko/blog/how-retail-brands-use-tiktok-shop.html	blog	complete	pass	pass	pass	pass	pass	pass	verified locally at desktop and 390px mobile; not deployed
https://www.weglobalmarketing.com/blog/california-tiktok-shop-agency-guide	blog/california-tiktok-shop-agency-guide.html	ko/blog/california-tiktok-shop-agency-guide.html	blog	complete	pass	pass	pass	pass	pass	pass	verified locally at desktop and 390px mobile; not deployed
https://www.weglobalmarketing.com/blog/tiktok-shop-content-factory-framework	blog/tiktok-shop-content-factory-framework.html	ko/blog/tiktok-shop-content-factory-framework.html	blog	complete	pass	pass	pass	pass	pass	pass	verified locally at desktop and 390px mobile; not deployed
https://www.weglobalmarketing.com/blog/tiktok-shop-live-selling-agency-guide	blog/tiktok-shop-live-selling-agency-guide.html	ko/blog/tiktok-shop-live-selling-agency-guide.html	blog	complete	pass	pass	pass	pass	pass	pass	verified locally at desktop and 390px mobile; not deployed
https://www.weglobalmarketing.com/blog/cross-border-brands-launch-tiktok-shop-us	blog/cross-border-brands-launch-tiktok-shop-us.html	ko/blog/cross-border-brands-launch-tiktok-shop-us.html	blog	complete	pass	pass	pass	pass	pass	pass	verified locally at desktop and 390px mobile; not deployed
https://www.weglobalmarketing.com/blog/tiktok-shop-creator-affiliate-management	blog/tiktok-shop-creator-affiliate-management.html	ko/blog/tiktok-shop-creator-affiliate-management.html	blog	complete	pass	pass	pass	pass	pass	pass	verified locally at desktop and 390px mobile; not deployed
https://www.weglobalmarketing.com/blog/ugc-video-vs-traditional-ads	blog/ugc-video-vs-traditional-ads.html	ko/blog/ugc-video-vs-traditional-ads.html	blog	complete	pass	pass	pass	pass	pass	pass	verified locally at desktop and 390px mobile; not deployed
https://www.weglobalmarketing.com/blog/how-dtc-brands-use-tiktok-shop	blog/how-dtc-brands-use-tiktok-shop.html	ko/blog/how-dtc-brands-use-tiktok-shop.html	blog	complete	pass	pass	pass	pass	pass	pass	verified locally at desktop and 390px mobile; not deployed
https://www.weglobalmarketing.com/blog/tiktok-shop-sample-roi-tracking	blog/tiktok-shop-sample-roi-tracking.html	ko/blog/tiktok-shop-sample-roi-tracking.html	blog	complete	pass	pass	pass	pass	pass	pass	verified locally at desktop and 390px mobile; not deployed
https://www.weglobalmarketing.com/blog/tiktok-shop-agency-cost-guide	blog/tiktok-shop-agency-cost-guide.html	ko/blog/tiktok-shop-agency-cost-guide.html	blog	complete	pass	pass	pass	pass	pass	pass	verified locally at desktop and 390px mobile; not deployed
https://www.weglobalmarketing.com/blog/tiktok-shop-agency-vs-in-house	blog/tiktok-shop-agency-vs-in-house.html	ko/blog/tiktok-shop-agency-vs-in-house.html	blog	complete	pass	pass	pass	pass	pass	pass	verified locally at desktop and 390px mobile; not deployed
https://www.weglobalmarketing.com/blog/tiktok-shop-management-what-to-expect	blog/tiktok-shop-management-what-to-expect.html	ko/blog/tiktok-shop-management-what-to-expect.html	blog	complete	pass	pass	pass	pass	pass	pass	verified locally at desktop and 390px mobile; not deployed
https://www.weglobalmarketing.com/blog/tiktok-shop-creator-brief-template	blog/tiktok-shop-creator-brief-template.html	ko/blog/tiktok-shop-creator-brief-template.html	blog	complete	pass	pass	pass	pass	pass	pass	verified locally at desktop and 390px mobile; not deployed
https://www.weglobalmarketing.com/blog/signs-your-brand-is-ready-for-tiktok-shop	blog/signs-your-brand-is-ready-for-tiktok-shop.html	ko/blog/signs-your-brand-is-ready-for-tiktok-shop.html	blog	complete	pass	pass	pass	pass	pass	pass	verified locally at desktop and 390px mobile; not deployed
https://www.weglobalmarketing.com/blog/tiktok-shop-beauty-brand-agency-guide	blog/tiktok-shop-beauty-brand-agency-guide.html	ko/blog/tiktok-shop-beauty-brand-agency-guide.html	blog	complete	pass	pass	pass	pass	pass	pass	verified locally at desktop and 390px mobile; not deployed
https://www.weglobalmarketing.com/blog/amazon-sellers-expand-to-tiktok-shop	blog/amazon-sellers-expand-to-tiktok-shop.html	ko/blog/amazon-sellers-expand-to-tiktok-shop.html	blog	complete	pass	pass	pass	pass	pass	pass	verified locally at desktop and 390px mobile; not deployed
https://www.weglobalmarketing.com/blog/tiktok-shop-ugc-agency-amazon-dtc	blog/tiktok-shop-ugc-agency-amazon-dtc.html	ko/blog/tiktok-shop-ugc-agency-amazon-dtc.html	blog	complete	pass	pass	pass	pass	pass	pass	verified locally at desktop and 390px mobile; not deployed
https://www.weglobalmarketing.com/blog/tiktok-shop-product-listing-optimization	blog/tiktok-shop-product-listing-optimization.html	ko/blog/tiktok-shop-product-listing-optimization.html	blog	incomplete	pending	pending	pending	pending	pending	pending	
https://www.weglobalmarketing.com/blog/how-to-choose-tiktok-shop-agency-as-creator	blog/how-to-choose-tiktok-shop-agency-as-creator.html	ko/blog/how-to-choose-tiktok-shop-agency-as-creator.html	blog	incomplete	pending	pending	pending	pending	pending	pending	
https://www.weglobalmarketing.com/blog/what-does-a-tiktok-shop-agency-do	blog/what-does-a-tiktok-shop-agency-do.html	ko/blog/what-does-a-tiktok-shop-agency-do.html	blog	incomplete	pending	pending	pending	pending	pending	pending	
https://www.weglobalmarketing.com/blog/tiktok-shop-sample-seeding-strategy	blog/tiktok-shop-sample-seeding-strategy.html	ko/blog/tiktok-shop-sample-seeding-strategy.html	blog	incomplete	pending	pending	pending	pending	pending	pending	
https://www.weglobalmarketing.com/blog/tiktok-shop-us-launch-checklist	blog/tiktok-shop-us-launch-checklist.html	ko/blog/tiktok-shop-us-launch-checklist.html	blog	incomplete	pending	pending	pending	pending	pending	pending	
https://www.weglobalmarketing.com/blog/tiktok-shop-shop-recognition-badge-strategy	blog/tiktok-shop-shop-recognition-badge-strategy.html	ko/blog/tiktok-shop-shop-recognition-badge-strategy.html	blog	incomplete	pending	pending	pending	pending	pending	pending	
https://www.weglobalmarketing.com/blog/tiktok-shop-growth-bottleneck	blog/tiktok-shop-growth-bottleneck.html	ko/blog/tiktok-shop-growth-bottleneck.html	blog	incomplete	pending	pending	pending	pending	pending	pending	
https://www.weglobalmarketing.com/blog/tiktok-shop-partner-readiness	blog/tiktok-shop-partner-readiness.html	ko/blog/tiktok-shop-partner-readiness.html	blog	incomplete	pending	pending	pending	pending	pending	pending	
https://www.weglobalmarketing.com/blog/tiktok-shop-shop-ready-scale-ready	blog/tiktok-shop-shop-ready-scale-ready.html	ko/blog/tiktok-shop-shop-ready-scale-ready.html	blog	incomplete	pending	pending	pending	pending	pending	pending	
https://www.weglobalmarketing.com/blog/how-to-choose-tiktok-shop-partner	blog/how-to-choose-tiktok-shop-partner.html	ko/blog/how-to-choose-tiktok-shop-partner.html	blog	incomplete	pending	pending	pending	pending	pending	pending	
https://www.weglobalmarketing.com/blog/tiktok-shop-discovery-diagnosis	blog/tiktok-shop-discovery-diagnosis.html	ko/blog/tiktok-shop-discovery-diagnosis.html	blog	incomplete	pending	pending	pending	pending	pending	pending	
https://www.weglobalmarketing.com/blog/tiktok-shop-content-assortment-balance	blog/tiktok-shop-content-assortment-balance.html	ko/blog/tiktok-shop-content-assortment-balance.html	blog	incomplete	pending	pending	pending	pending	pending	pending	
https://www.weglobalmarketing.com/blog/best-tiktok-shop-agency-by-growth-stage	blog/best-tiktok-shop-agency-by-growth-stage.html	ko/blog/best-tiktok-shop-agency-by-growth-stage.html	blog	incomplete	pending	pending	pending	pending	pending	pending	
https://www.weglobalmarketing.com/blog/tiktok-shop-video-volume-vs-conversion	blog/tiktok-shop-video-volume-vs-conversion.html	ko/blog/tiktok-shop-video-volume-vs-conversion.html	blog	incomplete	pending	pending	pending	pending	pending	pending	
https://www.weglobalmarketing.com/blog/tiktok-shop-open-collaboration-product-fit	blog/tiktok-shop-open-collaboration-product-fit.html	ko/blog/tiktok-shop-open-collaboration-product-fit.html	blog	incomplete	pending	pending	pending	pending	pending	pending	
https://www.weglobalmarketing.com/blog/tiktok-shop-affiliate-commission-change	blog/tiktok-shop-affiliate-commission-change.html	ko/blog/tiktok-shop-affiliate-commission-change.html	blog	incomplete	pending	pending	pending	pending	pending	pending	
https://www.weglobalmarketing.com/blog/measure-tiktok-shop-partner-performance	blog/measure-tiktok-shop-partner-performance.html	ko/blog/measure-tiktok-shop-partner-performance.html	blog	incomplete	pending	pending	pending	pending	pending	pending	
https://www.weglobalmarketing.com/blog/tiktok-shop-probation-growth-plan	blog/tiktok-shop-probation-growth-plan.html	ko/blog/tiktok-shop-probation-growth-plan.html	blog	incomplete	pending	pending	pending	pending	pending	pending	
https://www.weglobalmarketing.com/blog/weekly-tiktok-shop-operating-review	blog/weekly-tiktok-shop-operating-review.html	ko/blog/weekly-tiktok-shop-operating-review.html	blog	incomplete	pending	pending	pending	pending	pending	pending	
https://www.weglobalmarketing.com/blog/tiktok-shop-live-first-five-sessions-learning-system	blog/tiktok-shop-live-first-five-sessions-learning-system.html	ko/blog/tiktok-shop-live-first-five-sessions-learning-system.html	blog	incomplete	pending	pending	pending	pending	pending	pending	
https://www.weglobalmarketing.com/blog/tiktok-shop-live-preheat-system	blog/tiktok-shop-live-preheat-system.html	ko/blog/tiktok-shop-live-preheat-system.html	blog	incomplete	pending	pending	pending	pending	pending	pending	
https://www.weglobalmarketing.com/blog/tiktok-shop-live-assortment	blog/tiktok-shop-live-assortment.html	ko/blog/tiktok-shop-live-assortment.html	blog	incomplete	pending	pending	pending	pending	pending	pending	
https://www.weglobalmarketing.com/blog/tiktok-shop-seller-assistant-human-control	blog/tiktok-shop-seller-assistant-human-control.html	ko/blog/tiktok-shop-seller-assistant-human-control.html	blog	incomplete	pending	pending	pending	pending	pending	pending	
https://www.weglobalmarketing.com/blog/validate-tiktok-shop-ai-report	blog/validate-tiktok-shop-ai-report.html	ko/blog/validate-tiktok-shop-ai-report.html	blog	incomplete	pending	pending	pending	pending	pending	pending	
https://www.weglobalmarketing.com/blog/tiktok-shop-regulated-claims-review	blog/tiktok-shop-regulated-claims-review.html	ko/blog/tiktok-shop-regulated-claims-review.html	blog	incomplete	pending	pending	pending	pending	pending	pending	
https://www.weglobalmarketing.com/blog/tiktok-shop-violation-first-24-hours	blog/tiktok-shop-violation-first-24-hours.html	ko/blog/tiktok-shop-violation-first-24-hours.html	blog	incomplete	pending	pending	pending	pending	pending	pending	
https://www.weglobalmarketing.com/blog/tiktok-shop-correct-or-appeal	blog/tiktok-shop-correct-or-appeal.html	ko/blog/tiktok-shop-correct-or-appeal.html	blog	incomplete	pending	pending	pending	pending	pending	pending	
https://www.weglobalmarketing.com/blog/tiktok-shop-policy-vs-milestone-quiz	blog/tiktok-shop-policy-vs-milestone-quiz.html	ko/blog/tiktok-shop-policy-vs-milestone-quiz.html	blog	incomplete	pending	pending	pending	pending	pending	pending	
https://www.weglobalmarketing.com/blog/tiktok-shop-ai-first-90-days	blog/tiktok-shop-ai-first-90-days.html	ko/blog/tiktok-shop-ai-first-90-days.html	blog	incomplete	pending	pending	pending	pending	pending	pending	
https://www.weglobalmarketing.com/blog/manage-20-tiktok-shop-skus-smart-assistant	blog/manage-20-tiktok-shop-skus-smart-assistant.html	ko/blog/manage-20-tiktok-shop-skus-smart-assistant.html	blog	incomplete	pending	pending	pending	pending	pending	pending	
